name,rating,genre,year,released,score,votes,director,writer,star,country,budget,gross,company,runtime
A Quiet Place,PG-13,Drama,2018,"April 6, 2018 (United States)",7.5,456000.0,John Krasinski,Bryan Woods,Emily Blunt,United States,17000000.0,350320413.0,Paramount Pictures,90.0
Avengers: Infinity War,PG-13,Action,2018,"April 27, 2018 (United States)",8.4,897000.0,Anthony Russo,Christopher Markus,Robert Downey Jr.,United States,321000000.0,2048359754.0,Marvel Studios,149.0
Deadpool 2,R,Action,2018,"May 18, 2018 (United States)",7.7,505000.0,David Leitch,Rhett Reese,Ryan Reynolds,Canada,110000000.0,786470484.0,Twentieth Century Fox,119.0
Bohemian Rhapsody,PG-13,Biography,2018,"November 2, 2018 (United States)",7.9,476000.0,Bryan Singer,Anthony McCarten,Rami Malek,United Kingdom,52000000.0,911902649.0,Twentieth Century Fox,134.0
Black Panther,PG-13,Action,2018,"February 16, 2018 (United States)",7.3,661000.0,Ryan Coogler,Ryan Coogler,Chadwick Boseman,United States,200000000.0,1347597973.0,Marvel Studios,134.0
Hereditary,R,Drama,2018,"June 8, 2018 (United States)",7.3,259000.0,Ari Aster,Ari Aster,Toni Collette,United States,10000000.0,80239658.0,PalmStar Media,127.0
A Simple Favor,R,Comedy,2018,"September 14, 2018 (United States)",6.8,136000.0,Paul Feig,Darcey Bell,Anna Kendrick,Canada,20000000.0,97644617.0,BRON Studios,117.0
Aquaman,PG-13,Action,2018,"December 21, 2018 (United States)",6.9,404000.0,James Wan,David Leslie Johnson-McGoldrick,Jason Momoa,United States,160000000.0,1148485886.0,Warner Bros.,143.0
Ready Player One,PG-13,Action,2018,"March 29, 2018 (United States)",7.4,388000.0,Steven Spielberg,Zak Penn,Tye Sheridan,United States,175000000.0,582893671.0,Warner Bros.,140.0
Spider-Man: Into the Spider-Verse,PG,Animation,2018,"December 14, 2018 (United States)",8.4,411000.0,Bob Persichetti,Phil Lord,Shameik Moore,United States,90000000.0,375540831.0,Sony Pictures Entertainment (SPE),117.0
Mission: Impossible - Fallout,PG-13,Action,2018,"July 27, 2018 (United States)",7.7,303000.0,Christopher McQuarrie,Bruce Geller,Tom Cruise,United States,178000000.0,791657398.0,Paramount Pictures,147.0
Venom,PG-13,Action,2018,"October 5, 2018 (United States)",6.7,387000.0,Ruben Fleischer,Jeff Pinkner,Tom Hardy,China,100000000.0,856085151.0,Avi Arad Productions,112.0
Green Book,PG-13,Biography,2018,"November 16, 2018 (United States)",8.2,414000.0,Peter Farrelly,Nick Vallelonga,Viggo Mortensen,United States,23000000.0,321752656.0,Participant,130.0
Crazy Rich Asians,PG-13,Comedy,2018,"August 15, 2018 (United States)",6.9,152000.0,Jon M. Chu,Peter Chiarelli,Constance Wu,United States,30000000.0,238539198.0,Warner Bros.,120.0
Ant-Man and the Wasp,PG-13,Action,2018,"July 6, 2018 (United States)",7.0,333000.0,Peyton Reed,Chris McKenna,Paul Rudd,United States,162000000.0,622674139.0,Marvel Studios,118.0
BlacKkKlansman,R,Biography,2018,"August 10, 2018 (United States)",7.5,236000.0,Spike Lee,Charlie Wachtel,John David Washington,United States,15000000.0,93413709.0,Focus Features,135.0
The Predator,R,Action,2018,"September 14, 2018 (United States)",5.3,120000.0,Shane Black,Fred Dekker,Boyd Holbrook,United States,88000000.0,160542134.0,Twentieth Century Fox,107.0
White Boy Rick,R,Crime,2018,"September 14, 2018 (United States)",6.5,33000.0,Yann Demange,Andy Weiss,Matthew McConaughey,United States,29000000.0,25957482.0,LBI Productions,111.0
Solo: A Star Wars Story,PG-13,Action,2018,"May 25, 2018 (United States)",6.9,306000.0,Ron Howard,Jonathan Kasdan,Alden Ehrenreich,United States,275000000.0,392924807.0,Lucasfilm,135.0
Midnight Sun,PG-13,Drama,2018,"March 23, 2018 (United States)",6.6,26000.0,Scott Speer,Kenji Bando,Bella Thorne,United States,2800000.0,27365467.0,Boies / Schiller Film Group,91.0
Under the Silver Lake,R,Crime,2018,"April 19, 2019 (United States)",6.5,36000.0,David Robert Mitchell,David Robert Mitchell,Andrew Garfield,United States,8500000.0,2053469.0,Vendian Entertainment,139.0
Den of Thieves,R,Action,2018,"January 19, 2018 (United States)",7.0,99000.0,Christian Gudegast,Christian Gudegast,Gerard Butler,United States,30000000.0,80509622.0,STX Films,140.0
Annihilation,R,Adventure,2018,"February 23, 2018 (United States)",6.8,292000.0,Alex Garland,Alex Garland,Natalie Portman,United Kingdom,40000000.0,43070915.0,Paramount Pictures,115.0
Red Sparrow,R,Action,2018,"March 2, 2018 (United States)",6.6,173000.0,Francis Lawrence,Justin Haythe,Jennifer Lawrence,United States,69000000.0,151572634.0,Chernin Entertainment,140.0
A Star Is Born,R,Drama,2018,"October 5, 2018 (United States)",7.6,350000.0,Bradley Cooper,Eric Roth,Lady Gaga,United States,36000000.0,436188866.0,Warner Bros. Pictures,136.0
Mamma Mia! Here We Go Again,PG-13,Comedy,2018,"July 20, 2018 (United States)",6.6,85000.0,Ol Parker,Ol Parker,Lily James,United Kingdom,75000000.0,395618157.0,Universal Pictures,114.0
Death Wish,R,Action,2018,"March 2, 2018 (United States)",6.3,67000.0,Eli Roth,Joe Carnahan,Bruce Willis,United States,30000000.0,49562710.0,Cave 76,107.0
Instant Family,PG-13,Comedy,2018,"November 16, 2018 (United States)",7.3,97000.0,Sean Anders,Sean Anders,Mark Wahlberg,United States,48000000.0,120556201.0,Closest to the Hole Productions,118.0
Jurassic World: Fallen Kingdom,PG-13,Action,2018,"June 22, 2018 (United States)",6.2,277000.0,J.A. Bayona,Derek Connolly,Chris Pratt,United States,170000000.0,1310466296.0,Universal Pictures,128.0
Eighth Grade,R,Comedy,2018,"August 3, 2018 (United States)",7.4,68000.0,Bo Burnham,Bo Burnham,Elsie Fisher,United States,2000000.0,14347433.0,A24,93.0
Ocean's Eight,PG-13,Action,2018,"June 8, 2018 (United States)",6.3,197000.0,Gary Ross,Gary Ross,Sandra Bullock,United States,70000000.0,297718711.0,Warner Bros.,110.0
Suspiria,R,Fantasy,2018,"November 2, 2018 (United States)",6.7,66000.0,Luca Guadagnino,Dario Argento,Chloë Grace Moretz,Italy,20000000.0,7942093.0,Frenesy Film Company,152.0
The Favourite,R,Biography,2018,"December 21, 2018 (United States)",7.5,181000.0,Yorgos Lanthimos,Deborah Davis,Olivia Colman,Ireland,15000000.0,95918706.0,Fox Searchlight Pictures,119.0
The Meg,PG-13,Action,2018,"August 10, 2018 (United States)",5.6,157000.0,Jon Turteltaub,Dean Georgaris,Jason Statham,United States,130000000.0,530259473.0,Di Bonaventura Pictures,113.0
Mandy,Not Rated,Horror,2018,"September 14, 2018 (United States)",6.5,68000.0,Panos Cosmatos,Panos Cosmatos,Nicolas Cage,United Kingdom,6000000.0,1555203.0,SpectreVision,121.0
Sicario: Day of the Soldado,R,Action,2018,"June 29, 2018 (United States)",7.1,132000.0,Stefano Sollima,Taylor Sheridan,Benicio Del Toro,United States,35000000.0,75837743.0,Columbia Pictures,122.0
Fifty Shades Freed,R,Drama,2018,"February 9, 2018 (United States)",4.5,59000.0,James Foley,Niall Leonard,Dakota Johnson,United States,55000000.0,371987838.0,Perfect World Pictures,105.0
Halloween,R,Crime,2018,"October 19, 2018 (United States)",6.5,126000.0,David Gordon Green,John Carpenter,Jamie Lee Curtis,United States,10000000.0,255614941.0,Blumhouse Productions,106.0
Incredibles 2,PG,Animation,2018,"June 15, 2018 (United States)",7.6,263000.0,Brad Bird,Brad Bird,Craig T. Nelson,United States,200000000.0,1244639527.0,Walt Disney Pictures,118.0
The First Purge,R,Action,2018,"July 4, 2018 (United States)",5.2,58000.0,Gerard McMurray,James DeMonaco,Y'lan Noel,United States,13000000.0,137056262.0,Blumhouse Productions,97.0
Ophelia,PG-13,Drama,2018,"June 28, 2019 (United States)",6.6,8500.0,Claire McCarthy,Semi Chellas,Daisy Ridley,United Kingdom,12000000.0,242115.0,Covert Media,106.0
The Nun,R,Horror,2018,"September 7, 2018 (United States)",5.3,127000.0,Corin Hardy,Gary Dauberman,Demián Bichir,United States,22000000.0,365551694.0,Atomic Monster,96.0
The Equalizer 2,R,Action,2018,"July 20, 2018 (United States)",6.7,141000.0,Antoine Fuqua,Richard Wenk,Denzel Washington,United States,62000000.0,190400157.0,Columbia Pictures,121.0
The Commuter,PG-13,Action,2018,"January 12, 2018 (United States)",6.3,107000.0,Jaume Collet-Serra,Byron Willinger,Liam Neeson,United States,30000000.0,119942387.0,StudioCanal,104.0
Game Night,R,Action,2018,"February 23, 2018 (United States)",6.9,215000.0,John Francis Daley,Mark Perez,Jason Bateman,United States,37000000.0,117679066.0,Access Entertainment,100.0
Tag,R,Action,2018,"June 15, 2018 (United States)",6.5,121000.0,Jeff Tomsic,Rob McKittrick,Jeremy Renner,United States,28000000.0,78130625.0,Broken Road Productions,100.0
The Hate U Give,PG-13,Crime,2018,"October 19, 2018 (United States)",7.5,33000.0,George Tillman Jr.,Audrey Wells,Amandla Stenberg,United States,23000000.0,34934009.0,Fox 2000 Pictures,133.0
Bad Times at the El Royale,R,Crime,2018,"October 12, 2018 (United States)",7.1,135000.0,Drew Goddard,Drew Goddard,Jeff Bridges,United States,32000000.0,31882724.0,Goddard Textiles,141.0
Fantastic Beasts: The Crimes of Grindelwald,PG-13,Adventure,2018,"November 16, 2018 (United States)",6.5,234000.0,David Yates,J.K. Rowling,Eddie Redmayne,United Kingdom,200000000.0,654855901.0,Heyday Films,134.0
Hunter Killer,R,Action,2018,"October 26, 2018 (United States)",6.6,58000.0,Donovan Marsh,Arne Schmidt,Gerard Butler,United Kingdom,40000000.0,31676128.0,Hunter Killer Productions,121.0
The Mule,R,Crime,2018,"December 14, 2018 (United States)",7.0,121000.0,Clint Eastwood,Nick Schenk,Clint Eastwood,United States,50000000.0,174804407.0,Warner Bros.,116.0
Robin Hood,PG-13,Action,2018,"November 21, 2018 (United States)",5.3,68000.0,Otto Bathurst,Ben Chandler,Taron Egerton,United States,100000000.0,86493046.0,Summit Entertainment,116.0
Beautiful Boy,R,Biography,2018,"October 25, 2018 (Israel)",7.3,59000.0,Felix van Groeningen,Luke Davies,Steve Carell,United States,25000000.0,16636604.0,Amazon Studios,120.0
Capharnaüm,R,Drama,2018,"September 20, 2018 (Lebanon)",8.4,71000.0,Nadine Labaki,Nadine Labaki,Zain Al Rafeea,Lebanon,4000000.0,64417003.0,Mooz Films,126.0
Adrift,PG-13,Action,2018,"June 1, 2018 (United States)",6.6,50000.0,Baltasar Kormákur,Aaron Kandell,Shailene Woodley,Hong Kong,35000000.0,59945012.0,Huayi Brothers,96.0
"Love, Simon",PG-13,Comedy,2018,"March 16, 2018 (United States)",7.6,104000.0,Greg Berlanti,Becky Albertalli,Nick Robinson,United States,17000000.0,66316289.0,Fox 2000 Pictures,110.0
Mary Poppins Returns,PG,Comedy,2018,"December 19, 2018 (United States)",6.7,80000.0,Rob Marshall,P.L. Travers,Emily Blunt,United States,130000000.0,349546142.0,Lucamar Productions,130.0
Bumblebee,PG-13,Action,2018,"December 21, 2018 (United States)",6.7,147000.0,Travis Knight,Christina Hodson,Hailee Steinfeld,China,135000000.0,467989645.0,Hasbro,114.0
Vice,R,Biography,2018,"December 25, 2018 (United States)",7.2,130000.0,Adam McKay,Adam McKay,Christian Bale,United States,60000000.0,76073488.0,Annapurna Pictures,132.0
Hotel Transylvania 3: Summer Vacation,PG,Animation,2018,"July 13, 2018 (United States)",6.3,62000.0,Genndy Tartakovsky,Genndy Tartakovsky,Adam Sandler,United States,80000000.0,528583774.0,Sony Pictures Animation,97.0
Mile 22,R,Action,2018,"August 17, 2018 (United States)",6.1,72000.0,Peter Berg,Graham Roland,Mark Wahlberg,United States,50000000.0,66308758.0,STX Entertainment,94.0
Peter Rabbit,PG,Animation,2018,"February 9, 2018 (United States)",6.6,38000.0,Will Gluck,Rob Lieber,James Corden,United States,50000000.0,351496066.0,Columbia Pictures,95.0
12 Strong,R,Action,2018,"January 19, 2018 (United States)",6.6,72000.0,Nicolai Fuglsig,Ted Tally,Chris Hemsworth,United States,35000000.0,67450815.0,Alcon Entertainment,130.0
The Spy Who Dumped Me,R,Action,2018,"August 3, 2018 (United States)",6.1,72000.0,Susanna Fogel,Susanna Fogel,Justin Theroux,Canada,40000000.0,75339459.0,BRON Studios,117.0
Upgrade,R,Action,2018,"June 1, 2018 (United States)",7.5,168000.0,Leigh Whannell,Leigh Whannell,Logan Marshall-Green,United States,5000000.0,16706680.0,Goalpost Pictures,100.0
Mary Queen of Scots,R,Biography,2018,"December 21, 2018 (United States)",6.3,45000.0,Josie Rourke,Beau Willimon,Saoirse Ronan,United Kingdom,25000000.0,46712809.0,Focus Features,124.0
Ralph Breaks the Internet,PG,Animation,2018,"November 21, 2018 (United States)",7.0,140000.0,Phil Johnston,Phil Johnston,John C. Reilly,United States,175000000.0,529323962.0,Walt Disney Animation Studios,112.0
Overlord,R,Action,2018,"November 9, 2018 (United States)",6.6,91000.0,Julius Avery,Billy Ray,Jovan Adepo,United States,38000000.0,41657844.0,Bad Robot,110.0
Tomb Raider,PG-13,Action,2018,"March 16, 2018 (United States)",6.3,197000.0,Roar Uthaug,Geneva Robertson-Dworet,Alicia Vikander,United Kingdom,94000000.0,274650803.0,Warner Bros.,119.0
The Girl in the Spider's Web,R,Action,2018,"November 9, 2018 (United States)",6.1,44000.0,Fede Alvarez,David Lagercrantz,Claire Foy,Germany,43000000.0,35164920.0,Columbia Pictures,115.0
Mortal Engines,PG-13,Action,2018,"December 14, 2018 (United States)",6.1,115000.0,Christian Rivers,Fran Walsh,Hera Hilmar,United States,100000000.0,83869818.0,Media Rights Capital (MRC),128.0
Maze Runner: The Death Cure,PG-13,Action,2018,"January 26, 2018 (United States)",6.3,121000.0,Wes Ball,T.S. Nowlin,Dylan O'Brien,United States,62000000.0,288175335.0,Gotham Group,143.0
First Man,PG-13,Biography,2018,"October 12, 2018 (United States)",7.3,176000.0,Damien Chazelle,Josh Singer,Ryan Gosling,United States,59000000.0,105713218.0,Universal Pictures,141.0
Creed II,PG-13,Drama,2018,"November 21, 2018 (United States)",7.1,111000.0,Steven Caple Jr.,Juel Taylor,Michael B. Jordan,United States,50000000.0,214215889.0,Metro-Goldwyn-Mayer (MGM),130.0
Rampage,PG-13,Action,2018,"April 13, 2018 (United States)",6.1,151000.0,Brad Peyton,Ryan Engle,Dwayne Johnson,United States,120000000.0,428028233.0,New Line Cinema,107.0
Mid90s,R,Comedy,2018,"October 26, 2018 (United States)",7.4,54000.0,Jonah Hill,Jonah Hill,Sunny Suljic,United States,10000000.0,9303022.0,A24,85.0
Replicas,PG-13,Drama,2018,"January 11, 2019 (United States)",5.5,34000.0,Jeffrey Nachmanoff,Chad St. John,Keanu Reeves,United Kingdom,30000000.0,9330075.0,Company Films,107.0
Widows,R,Crime,2018,"November 16, 2018 (United States)",6.9,91000.0,Steve McQueen,Gillian Flynn,Viola Davis,United Kingdom,42000000.0,75984700.0,New Regency Productions,129.0
Searching,PG-13,Drama,2018,"August 31, 2018 (United States)",7.6,148000.0,Aneesh Chaganty,Aneesh Chaganty,John Cho,United States,880000.0,75462037.0,Screen Gems,102.0
Life Itself,R,Drama,2018,"September 21, 2018 (United States)",6.9,19000.0,Dan Fogelman,Dan Fogelman,Oscar Isaac,United States,10000000.0,7997774.0,FilmNation Entertainment,117.0
Blockers,R,Comedy,2018,"April 6, 2018 (United States)",6.2,74000.0,Kay Cannon,Brian Kehoe,Leslie Mann,United States,21000000.0,94019120.0,Point Grey Pictures,102.0
The Strangers: Prey at Night,R,Horror,2018,"March 9, 2018 (United States)",5.2,28000.0,Johannes Roberts,Bryan Bertino,Christina Hendricks,United States,5000000.0,31039126.0,Aviron Pictures,85.0
Peppermint,R,Action,2018,"September 7, 2018 (United States)",6.5,60000.0,Pierre Morel,Chad St. John,Jennifer Garner,Hong Kong,25000000.0,53918723.0,STX Films,101.0
Every Day,PG-13,Drama,2018,"February 23, 2018 (United States)",6.5,20000.0,Michael Sucsy,Jesse Andrews,Angourie Rice,Canada,4900000.0,10421847.0,Likely Story,97.0
Operation Finale,PG-13,Biography,2018,"August 29, 2018 (United States)",6.6,36000.0,Chris Weitz,Matthew Orton,Oscar Isaac,United States,24000000.0,17612099.0,Metro-Goldwyn-Mayer (MGM),122.0
The Sisters Brothers,R,Crime,2018,"October 19, 2018 (United States)",7.0,58000.0,Jacques Audiard,Jacques Audiard,John C. Reilly,France,38000000.0,13143056.0,Why Not Productions,122.0
I Feel Pretty,PG-13,Comedy,2018,"April 20, 2018 (United States)",5.5,51000.0,Abby Kohn,Abby Kohn,Amy Schumer,China,32000000.0,94539426.0,Huayi Brothers Pictures,110.0
Hotel Artemis,R,Action,2018,"June 8, 2018 (United States)",6.1,49000.0,Drew Pearce,Drew Pearce,Jodie Foster,United Kingdom,15000000.0,13313581.0,The Ink Factory,94.0
Slender Man,PG-13,Horror,2018,"August 10, 2018 (United States)",3.2,30000.0,Sylvain White,David Birke,Joey King,United States,10000000.0,51738549.0,Screen Gems,93.0
Book Club,PG-13,Comedy,2018,"May 18, 2018 (United States)",6.1,26000.0,Bill Holderman,Bill Holderman,Diane Keaton,United States,10000000.0,104438188.0,Apartment Story,104.0
Sorry to Bother You,R,Comedy,2018,"July 13, 2018 (United States)",6.9,69000.0,Boots Riley,Boots Riley,LaKeith Stanfield,United States,3200000.0,18170707.0,Cinereach,112.0
Pacific Rim: Uprising,PG-13,Action,2018,"March 23, 2018 (United States)",5.6,110000.0,Steven S. DeKnight,Steven S. DeKnight,John Boyega,United Kingdom,150000000.0,290930148.0,Legendary Entertainment,111.0
Holmes & Watson,PG-13,Comedy,2018,"December 25, 2018 (United States)",3.8,33000.0,Etan Cohen,Etan Cohen,Will Ferrell,United States,42000000.0,40466970.0,Columbia Pictures,90.0
The Darkest Minds,PG-13,Action,2018,"August 3, 2018 (United States)",5.7,30000.0,Jennifer Yuh Nelson,Chad Hodge,Amandla Stenberg,United States,34000000.0,41142379.0,21 Laps Entertainment,104.0
Truth or Dare,PG-13,Horror,2018,"April 13, 2018 (United States)",5.2,50000.0,Jeff Wadlow,Michael Reisz,Lucy Hale,United States,3500000.0,95330710.0,Blumhouse Productions,100.0
Alpha,PG-13,Action,2018,"August 17, 2018 (United States)",6.7,58000.0,Albert Hughes,Daniele Sebastian Wiedenhaupt,Kodi Smit-McPhee,United States,51000000.0,98203196.0,Studio 8,96.0
Overboard,PG-13,Comedy,2018,"May 4, 2018 (United States)",6.0,36000.0,Rob Greenberg,Bob Fisher,Eugenio Derbez,United States,12000000.0,91244913.0,Metro-Goldwyn-Mayer (MGM),112.0
Arctic,PG-13,Adventure,2018,"January 31, 2019 (Denmark)",6.8,46000.0,Joe Penna,Joe Penna,Mads Mikkelsen,Iceland,2000000.0,4165776.0,Armory Films,98.0
A Wrinkle in Time,PG,Adventure,2018,"March 9, 2018 (United States)",4.2,42000.0,Ava DuVernay,Jennifer Lee,Storm Reid,United States,100000000.0,132675864.0,Legend3D,109.0
London Fields,R,Crime,2018,"October 26, 2018 (United States)",4.0,7800.0,Mathew Cullen,Roberta Hanley,Amber Heard,United Kingdom,8000000.0,487420.0,Muse Productions,118.0
Andhadhun,Not Rated,Crime,2018,"October 5, 2018 (United States)",8.2,79000.0,Sriram Raghavan,Arijit Biswas,Ayushmann Khurrana,India,4500000.0,62475342.0,Matchbox Pictures,139.0
Life of the Party,PG-13,Comedy,2018,"May 11, 2018 (United States)",5.6,35000.0,Ben Falcone,Melissa McCarthy,Melissa McCarthy,United States,30000000.0,65859911.0,New Line Cinema,105.0
The House with a Clock in Its Walls,PG,Comedy,2018,"September 21, 2018 (United States)",6.1,48000.0,Eli Roth,John Bellairs,Jack Black,United States,42000000.0,131523093.0,DreamWorks,105.0
Brian Banks,PG-13,Biography,2018,"August 9, 2019 (United States)",7.2,5400.0,Tom Shadyac,Doug Atchison,Aldis Hodge,United States,10000000.0,4376819.0,ShivHans Pictures,99.0
Gotti,R,Biography,2018,"June 14, 2018 (Hungary)",4.7,14000.0,Kevin Connolly,Leo Rossi,John Travolta,Canada,10000000.0,6412349.0,Emmett/Furla/Oasis Films (EFO Films),112.0
Christopher Robin,PG,Adventure,2018,"August 3, 2018 (United States)",7.3,72000.0,Marc Forster,A.A. Milne,Ewan McGregor,United Kingdom,75000000.0,197744377.0,2DUX²,104.0
Destroyer,R,Action,2018,"December 27, 2018 (Israel)",6.2,27000.0,Karyn Kusama,Phil Hay,Nicole Kidman,United States,9000000.0,5580940.0,Annapurna Pictures,121.0
Insidious: The Last Key,PG-13,Horror,2018,"January 5, 2018 (United States)",5.7,55000.0,Adam Robitel,Leigh Whannell,Lin Shaye,United States,10000000.0,167885588.0,Blumhouse Productions,103.0
Can You Ever Forgive Me?,R,Biography,2018,"November 2, 2018 (South Africa)",7.1,49000.0,Marielle Heller,Nicole Holofcener,Melissa McCarthy,United States,10000000.0,12442161.0,Archer Gray,106.0
Unsane,R,Drama,2018,"March 23, 2018 (United States)",6.4,42000.0,Steven Soderbergh,Jonathan Bernstein,Claire Foy,United States,1500000.0,14293601.0,Fingerprint Releasing,98.0
Boy Erased,R,Biography,2018,"November 8, 2018 (Australia)",6.9,35000.0,Joel Edgerton,Garrard Conley,Lucas Hedges,Australia,11000000.0,11853081.0,Focus Features,115.0
Johnny English Strikes Again,PG,Action,2018,"October 26, 2018 (United States)",6.2,67000.0,David Kerr,William Davies,Rowan Atkinson,United Kingdom,25000000.0,158972499.0,Universal Pictures,89.0
Skyscraper,PG-13,Action,2018,"July 13, 2018 (United States)",5.8,111000.0,Rawson Marshall Thurber,Rawson Marshall Thurber,Dwayne Johnson,United States,125000000.0,304868961.0,Legendary Entertainment,102.0
Forever My Girl,PG,Comedy,2018,"January 19, 2018 (United States)",6.7,16000.0,Bethany Ashton Wolf,Bethany Ashton Wolf,Alex Roe,United States,3500000.0,16376066.0,LD Entertainment,108.0
On the Basis of Sex,PG-13,Biography,2018,"January 11, 2019 (United States)",7.1,31000.0,Mimi Leder,Daniel Stiepleman,Felicity Jones,United States,20000000.0,38755900.0,Alibaba Pictures,120.0
The Catcher Was a Spy,R,Biography,2018,"June 22, 2018 (United States)",6.2,8500.0,Ben Lewin,Robert Rodat,Paul Rudd,United States,14000000.0,953953.0,PalmStar Media,94.0
Welcome to Marwen,PG-13,Biography,2018,"December 21, 2018 (United States)",6.2,21000.0,Robert Zemeckis,Robert Zemeckis,Steve Carell,Japan,39000000.0,13061491.0,Universal Pictures,116.0
Assassination Nation,R,Action,2018,"September 21, 2018 (United States)",6.0,17000.0,Sam Levinson,Sam Levinson,Odessa Young,United States,7000000.0,2584988.0,BRON Studios,108.0
Unfriended: Dark Web,R,Horror,2018,"July 20, 2018 (United States)",6.0,29000.0,Stephen Susco,Stephen Susco,Colin Woodell,United States,1000000.0,16024987.0,Bazelevs Production,92.0
The Nutcracker and the Four Realms,PG,Adventure,2018,"November 2, 2018 (United States)",5.6,30000.0,Lasse Hallström,Ashleigh Powell,Mackenzie Foy,United States,120000000.0,173961069.0,Walt Disney Pictures,99.0
The Happytime Murders,R,Action,2018,"August 24, 2018 (United States)",5.4,26000.0,Brian Henson,Todd Berger,Melissa McCarthy,United States,40000000.0,27506452.0,STX Entertainment,91.0
Tully,R,Comedy,2018,"May 4, 2018 (United States)",7.0,55000.0,Jason Reitman,Diablo Cody,Charlize Theron,United States,13000000.0,15636462.0,BRON Studios,95.0
Night School,PG-13,Comedy,2018,"September 28, 2018 (United States)",5.6,38000.0,Malcolm D. Lee,Kevin Hart,Kevin Hart,United States,29000000.0,103105878.0,Hartbeat Productions,111.0
Smallfoot,PG,Animation,2018,"September 28, 2018 (United States)",6.6,36000.0,Karey Kirkpatrick,Karey Kirkpatrick,Channing Tatum,United States,80000000.0,214040103.0,Warner Animation Group,96.0
Hell Fest,R,Horror,2018,"September 28, 2018 (United States)",5.5,15000.0,Gregory Plotkin,Seth M. Sherwood,Cynthea Mercado,United States,5500000.0,18160930.0,CBS Films,89.0
Second Act,PG-13,Comedy,2018,"December 21, 2018 (United States)",5.8,24000.0,Peter Segal,Justin Zackham,Jennifer Lopez,United States,16000000.0,72294066.0,Huayi Brothers,103.0
Uncle Drew,PG-13,Comedy,2018,"June 29, 2018 (United States)",5.8,13000.0,Charles Stone III,Jay Longino,Kyrie Irving,United States,19000000.0,46664414.0,Summit Entertainment,103.0
The Possession of Hannah Grace,R,Horror,2018,"November 30, 2018 (United States)",5.2,20000.0,Diederik Van Rooijen,Brian Sieve,Shay Mitchell,United States,7700000.0,43016528.0,Screen Gems,86.0
If Beale Street Could Talk,R,Drama,2018,"December 25, 2018 (United States)",7.1,45000.0,Barry Jenkins,Barry Jenkins,KiKi Layne,United States,12000000.0,20596567.0,Annapurna Pictures,119.0
The Grinch,PG,Animation,2018,"November 9, 2018 (United States)",6.3,58000.0,Yarrow Cheney,Michael LeSieur,Benedict Cumberbatch,France,75000000.0,512492755.0,Universal Pictures,85.0
Winchester,PG-13,Biography,2018,"February 2, 2018 (United States)",5.5,32000.0,Michael Spierig,Tom Vaughan,Helen Mirren,Australia,3500000.0,44019588.0,CBS Films,99.0
The 15:17 to Paris,PG-13,Biography,2018,"February 9, 2018 (United States)",5.3,30000.0,Clint Eastwood,Dorothy Blyskal,Alek Skarlatos,United States,30000000.0,57076286.0,Warner Bros.,94.0
Action Point,R,Comedy,2018,"June 1, 2018 (United States)",5.1,11000.0,Tim Kirkby,John Altschuler,Johnny Knoxville,United States,19000000.0,5103663.0,Paramount Pictures,85.0
Super Troopers 2,R,Comedy,2018,"April 20, 2018 (United States)",6.1,25000.0,Jay Chandrasekhar,Jay Chandrasekhar,Jay Chandrasekhar,United States,13500000.0,31626386.0,Votiv Films,99.0
The Death & Life of John F. Donovan,R,Drama,2018,"December 13, 2019 (United States)",6.2,5900.0,Xavier Dolan,Xavier Dolan,Kit Harington,Canada,35000000.0,3326364.0,Lyla Films,123.0
Stan & Ollie,PG,Biography,2018,"January 11, 2019 (United Kingdom)",7.2,34000.0,Jon S. Baird,Jeff Pope,Steve Coogan,United Kingdom,10000000.0,24420923.0,Entertainment One,98.0
SuperFly,R,Action,2018,"June 13, 2018 (United States)",5.2,6500.0,Director X.,Alex Tse,Trevor Jackson,United States,16000000.0,20780685.0,Columbia Pictures,116.0
Early Man,PG,Animation,2018,"February 16, 2018 (United States)",6.1,21000.0,Nick Park,Mark Burton,Eddie Redmayne,France,50000000.0,54622814.0,Summit Entertainment,89.0
I Can Only Imagine,PG,Biography,2018,"March 16, 2018 (United States)",7.3,15000.0,Andrew Erwin,Bart Millard,J. Michael Finley,United States,7000000.0,86086881.0,Kevin Downes Productions,110.0
Dragon Ball Super: Broly,PG,Animation,2018,"January 16, 2019 (United States)",7.8,24000.0,Tatsuya Nagamine,Akira Toriyama,Masako Nozawa,Japan,8500000.0,115757940.0,Toei Company,100.0
Kin,PG-13,Action,2018,"August 31, 2018 (United States)",5.8,16000.0,Jonathan Baker,Jonathan Baker,Myles Truitt,United States,30000000.0,10313019.0,Summit Entertainment,102.0
Goosebumps 2: Haunted Halloween,PG,Animation,2018,"October 12, 2018 (United States)",5.6,19000.0,Ari Sandel,Rob Lieber,Wendi McLendon-Covey,United States,35000000.0,93320380.0,Sony Pictures Animation,90.0
Nobody's Fool,R,Comedy,2018,"November 2, 2018 (United States)",4.9,7000.0,Tyler Perry,Tyler Perry,Tiffany Haddish,United States,19000000.0,33705333.0,BET Films,110.0
Midsommar,R,Drama,2019,"July 3, 2019 (United States)",7.1,232000.0,Ari Aster,Ari Aster,Florence Pugh,United States,9000000.0,47967636.0,A24,148.0
Once Upon a Time... In Hollywood,R,Comedy,2019,"July 26, 2019 (United States)",7.6,603000.0,Quentin Tarantino,Quentin Tarantino,Leonardo DiCaprio,United States,90000000.0,374565754.0,Columbia Pictures,161.0
Avengers: Endgame,PG-13,Action,2019,"April 26, 2019 (United States)",8.4,903000.0,Anthony Russo,Christopher Markus,Robert Downey Jr.,United States,356000000.0,2797501328.0,Marvel Studios,181.0
Fighting with My Family,PG-13,Biography,2019,"February 22, 2019 (United States)",7.1,71000.0,Stephen Merchant,Stephen Merchant,Dwayne Johnson,United Kingdom,11000000.0,40811919.0,Metro-Goldwyn-Mayer (MGM),108.0
Little Women,PG,Drama,2019,"December 25, 2019 (United States)",7.8,159000.0,Greta Gerwig,Greta Gerwig,Saoirse Ronan,United States,40000000.0,216601214.0,Columbia Pictures,135.0
Escape Room,PG-13,Action,2019,"January 4, 2019 (United States)",6.4,97000.0,Adam Robitel,Bragi F. Schut,Taylor Russell,United States,9000000.0,155712077.0,Columbia Pictures,99.0
Joker,R,Crime,2019,"October 4, 2019 (United States)",8.4,1000000.0,Todd Phillips,Todd Phillips,Joaquin Phoenix,United States,55000000.0,1074427370.0,Warner Bros.,122.0
Yesterday,PG-13,Comedy,2019,"June 28, 2019 (United States)",6.8,131000.0,Danny Boyle,Richard Curtis,Himesh Patel,United Kingdom,26000000.0,153193369.0,Decibel Films,116.0
Parasite,R,Comedy,2019,"November 8, 2019 (United States)",8.6,631000.0,Bong Joon Ho,Bong Joon Ho,Kang-ho Song,South Korea,11400000.0,258908054.0,Barunson E&A,132.0
John Wick: Chapter 3 - Parabellum,R,Action,2019,"May 17, 2019 (United States)",7.4,296000.0,Chad Stahelski,Derek Kolstad,Keanu Reeves,United States,75000000.0,327281779.0,Lionsgate,130.0
Knives Out,PG-13,Comedy,2019,"November 27, 2019 (United States)",7.9,505000.0,Rian Johnson,Rian Johnson,Daniel Craig,United States,40000000.0,311539397.0,Lionsgate,130.0
Fast & Furious Presents: Hobbs & Shaw,PG-13,Action,2019,"August 2, 2019 (United States)",6.4,184000.0,David Leitch,Chris Morgan,Dwayne Johnson,United States,200000000.0,759056935.0,Chris Morgan Productions,137.0
Captain Marvel,PG-13,Action,2019,"March 8, 2019 (United States)",6.8,478000.0,Anna Boden,Anna Boden,Brie Larson,United States,160000000.0,1128462972.0,Walt Disney Pictures,123.0
After,PG-13,Drama,2019,"April 12, 2019 (United States)",5.3,44000.0,Jenny Gage,Susan McMartin,Josephine Langford,United States,14000000.0,69756455.0,CalMaple,105.0
Spider-Man: Far from Home,PG-13,Action,2019,"July 2, 2019 (United States)",7.5,359000.0,Jon Watts,Chris McKenna,Tom Holland,United States,160000000.0,1131927996.0,Columbia Pictures,129.0
Jojo Rabbit,PG-13,Comedy,2019,"November 8, 2019 (United States)",7.9,328000.0,Taika Waititi,Christine Leunens,Roman Griffin Davis,New Zealand,14000000.0,90335025.0,TSG Entertainment,108.0
Shazam!,PG-13,Action,2019,"April 5, 2019 (United States)",7.0,284000.0,David F. Sandberg,Henry Gayden,Zachary Levi,United States,100000000.0,365971656.0,Warner Bros.,132.0
It Chapter Two,R,Drama,2019,"September 6, 2019 (United States)",6.5,222000.0,Andy Muschietti,Stephen King,Jessica Chastain,United States,79000000.0,473093228.0,New Line Cinema,169.0
1917,R,Drama,2019,"January 10, 2020 (United States)",8.3,473000.0,Sam Mendes,Sam Mendes,Dean-Charles Chapman,United States,95000000.0,384623579.0,Dreamworks Pictures,119.0
Star Wars: Episode IX - The Rise of Skywalker,PG-13,Action,2019,"December 20, 2019 (United States)",6.5,394000.0,J.J. Abrams,Chris Terrio,Daisy Ridley,United States,275000000.0,1078232589.0,Walt Disney Pictures,141.0
Ford v Ferrari,PG-13,Action,2019,"November 15, 2019 (United States)",8.1,323000.0,James Mangold,Jez Butterworth,Matt Damon,United States,97600000.0,225508210.0,Chernin Entertainment,152.0
The Irishman,R,Biography,2019,"November 27, 2019 (United States)",7.8,344000.0,Martin Scorsese,Steven Zaillian,Robert De Niro,United States,159000000.0,968853.0,Tribeca Productions,209.0
Jumanji: The Next Level,PG-13,Action,2019,"December 13, 2019 (United States)",6.6,204000.0,Jake Kasdan,Jake Kasdan,Dwayne Johnson,United States,125000000.0,800059707.0,Columbia Pictures,123.0
Alita: Battle Angel,PG-13,Action,2019,"February 14, 2019 (United States)",7.3,240000.0,Robert Rodriguez,James Cameron,Rosa Salazar,United States,170000000.0,404980543.0,Twentieth Century Fox,122.0
Us,R,Horror,2019,"March 22, 2019 (United States)",6.8,247000.0,Jordan Peele,Jordan Peele,Lupita Nyong'o,United States,20000000.0,255184580.0,Monkeypaw Productions,116.0
Ready or Not,R,Action,2019,"August 21, 2019 (United States)",6.9,121000.0,Matt Bettinelli-Olpin,Guy Busick,Samara Weaving,United States,6000000.0,57615777.0,Fox Searchlight Pictures,95.0
Hellboy,R,Action,2019,"April 12, 2019 (United States)",5.2,82000.0,Neil Marshall,Andrew Cosby,David Harbour,United States,50000000.0,55065289.0,Summit Entertainment,120.0
Terminator: Dark Fate,R,Action,2019,"November 1, 2019 (United States)",6.2,159000.0,Tim Miller,David S. Goyer,Linda Hamilton,United States,185000000.0,261119292.0,Paramount Pictures,128.0
Downton Abbey,PG,Drama,2019,"September 20, 2019 (United States)",7.4,43000.0,Michael Engler,Julian Fellowes,Stephen Campbell Moore,United Kingdom,13000000.0,237860050.0,Carnival Film & Television,122.0
Gemini Man,PG-13,Action,2019,"October 11, 2019 (United States)",5.7,98000.0,Ang Lee,David Benioff,Will Smith,China,138000000.0,173469516.0,Skydance Media,117.0
Booksmart,R,Comedy,2019,"May 24, 2019 (United States)",7.2,102000.0,Olivia Wilde,Emily Halpern,Kaitlyn Dever,United States,6000000.0,24959607.0,Annapurna Pictures,102.0
Dora and the Lost City of Gold,PG,Adventure,2019,"August 9, 2019 (United States)",6.1,27000.0,James Bobin,Nicholas Stoller,Isabela Merced,United States,49000000.0,119682635.0,Paramount Players,102.0
Glass,PG-13,Drama,2019,"January 18, 2019 (United States)",6.6,219000.0,M. Night Shyamalan,M. Night Shyamalan,James McAvoy,United States,20000000.0,246999039.0,Buena Vista International,129.0
The Best of Enemies,PG-13,Biography,2019,"April 5, 2019 (United States)",7.2,13000.0,Robin Bissell,Robin Bissell,Taraji P. Henson,United States,10000000.0,10209813.0,Astute Films,133.0
The Lion King,PG,Animation,2019,"July 19, 2019 (United States)",6.9,222000.0,Jon Favreau,Jeff Nathanson,Donald Glover,United States,260000000.0,1670727580.0,Walt Disney Pictures,118.0
Aladdin,PG,Adventure,2019,"May 24, 2019 (United States)",6.9,239000.0,Guy Ritchie,John August,Will Smith,United Kingdom,183000000.0,1050693953.0,Walt Disney Pictures,128.0
Marriage Story,R,Comedy,2019,"December 6, 2019 (United States)",7.9,265000.0,Noah Baumbach,Noah Baumbach,Adam Driver,United Kingdom,18600000.0,333686.0,Heyday Films,137.0
Godzilla: King of the Monsters,PG-13,Action,2019,"May 31, 2019 (United States)",6.0,162000.0,Michael Dougherty,Michael Dougherty,Kyle Chandler,United States,170000000.0,386600138.0,Warner Bros.,132.0
Rocketman,R,Biography,2019,"May 31, 2019 (United States)",7.3,153000.0,Dexter Fletcher,Lee Hall,Taron Egerton,United Kingdom,40000000.0,195179299.0,Paramount Pictures,121.0
Hustlers,R,Comedy,2019,"September 13, 2019 (United States)",6.3,89000.0,Lorene Scafaria,Lorene Scafaria,Constance Wu,United States,20000000.0,157563598.0,Annapurna Pictures,110.0
Toy Story 4,G,Animation,2019,"June 21, 2019 (United States)",7.7,217000.0,Josh Cooley,John Lasseter,Tom Hanks,United States,200000000.0,1073394593.0,Pixar Animation Studios,100.0
Zombieland: Double Tap,R,Action,2019,"October 18, 2019 (United States)",6.7,151000.0,Ruben Fleischer,Rhett Reese,Woody Harrelson,United States,42000000.0,122810399.0,2.0 Entertainment,99.0
Long Shot,R,Comedy,2019,"May 3, 2019 (United States)",6.8,101000.0,Jonathan Levine,Dan Sterling,Charlize Theron,United States,40000000.0,53873809.0,Summit Entertainment,125.0
Angel Has Fallen,R,Action,2019,"August 23, 2019 (United States)",6.4,86000.0,Ric Roman Waugh,Robert Mark Kamen,Gerard Butler,United States,40000000.0,146661977.0,Millennium Media,121.0
Men in Black: International,PG-13,Action,2019,"June 14, 2019 (United States)",5.6,119000.0,F. Gary Gray,Matt Holloway,Chris Hemsworth,China,110000000.0,253890701.0,Columbia Pictures,114.0
X-Men: Dark Phoenix,PG-13,Action,2019,"June 7, 2019 (United States)",5.7,166000.0,Simon Kinberg,Simon Kinberg,James McAvoy,United States,200000000.0,252442974.0,Twentieth Century Fox,113.0
Frozen II,PG,Animation,2019,"November 22, 2019 (United States)",6.8,148000.0,Chris Buck,Jennifer Lee,Kristen Bell,United States,150000000.0,1450026933.0,Walt Disney Animation Studios,103.0
Brightburn,R,Drama,2019,"May 24, 2019 (United States)",6.1,87000.0,David Yarovesky,Brian Gunn,Elizabeth Banks,United States,6000000.0,32893421.0,Screen Gems,90.0
Ad Astra,PG-13,Adventure,2019,"September 20, 2019 (United States)",6.5,208000.0,James Gray,James Gray,Brad Pitt,China,90000000.0,127461872.0,New Regency Productions,123.0
The Peanut Butter Falcon,PG-13,Adventure,2019,"August 23, 2019 (United States)",7.6,73000.0,Tyler Nilson,Tyler Nilson,Zack Gottsagen,United States,6200000.0,133031473.0,Armory Films,97.0
Good Boys,R,Adventure,2019,"August 16, 2019 (United States)",6.7,66000.0,Gene Stupnitsky,Lee Eisenberg,Jacob Tremblay,United States,20000000.0,111037232.0,Universal Pictures,90.0
Ma,R,Horror,2019,"May 31, 2019 (United States)",5.6,46000.0,Tate Taylor,Scotty Landes,Octavia Spencer,Japan,5000000.0,61105744.0,Blumhouse Productions,99.0
Five Feet Apart,PG-13,Drama,2019,"March 15, 2019 (United States)",7.2,51000.0,Justin Baldoni,Mikki Daughtry,Haley Lu Richardson,United States,7000000.0,91527795.0,CBS Films,116.0
Cold Pursuit,R,Action,2019,"February 8, 2019 (United States)",6.2,61000.0,Hans Petter Moland,Frank Baldwin,Liam Neeson,United Kingdom,60000000.0,76419755.0,Summit Entertainment,119.0
Crawl,R,Action,2019,"July 12, 2019 (United States)",6.1,74000.0,Alexandre Aja,Michael Rasmussen,Kaya Scodelario,United States,13500000.0,91542097.0,Paramount Pictures,87.0
Annabelle Comes Home,R,Horror,2019,"June 26, 2019 (United States)",5.9,65000.0,Gary Dauberman,Gary Dauberman,Vera Farmiga,United States,30000000.0,231252591.0,New Line Cinema,106.0
Rambo: Last Blood,R,Action,2019,"September 20, 2019 (United States)",6.1,87000.0,Adrian Grunberg,Matthew Cirulnick,Sylvester Stallone,United States,50000000.0,91490353.0,Lionsgate,89.0
Late Night,R,Comedy,2019,"June 14, 2019 (United States)",6.5,33000.0,Nisha Ganatra,Mindy Kaling,Emma Thompson,United States,4000000.0,22386555.0,3 Arts Entertainment,102.0
The Addams Family,PG,Animation,2019,"October 11, 2019 (United States)",5.8,31000.0,Greg Tiernan,Matt Lieberman,Oscar Isaac,Canada,24000000.0,203783566.0,Metro-Goldwyn-Mayer (MGM),86.0
The Goldfinch,R,Drama,2019,"September 13, 2019 (United States)",6.3,19000.0,John Crowley,Peter Straughan,Oakes Fegley,United States,45000000.0,9932621.0,Amazon Studios,149.0
A Beautiful Day in the Neighborhood,PG,Biography,2019,"November 22, 2019 (United States)",7.3,67000.0,Marielle Heller,Micah Fitzerman-Blue,Tom Hanks,China,25000000.0,67760877.0,Big Beach Films,109.0
How to Train Your Dragon: The Hidden World,PG,Animation,2019,"February 22, 2019 (United States)",7.5,112000.0,Dean DeBlois,Dean DeBlois,Jay Baruchel,United States,129000000.0,525683457.0,DreamWorks Animation,104.0
Pokémon Detective Pikachu,PG,Action,2019,"May 10, 2019 (United States)",6.6,146000.0,Rob Letterman,Dan Hernandez,Ryan Reynolds,United States,150000000.0,433921300.0,Warner Bros.,104.0
Serenity,R,Drama,2019,"January 25, 2019 (United States)",5.4,38000.0,Steven Knight,Steven Knight,Matthew McConaughey,United Kingdom,25000000.0,14454622.0,Blue Budgie Films Limited,106.0
Maleficent: Mistress of Evil,PG,Adventure,2019,"October 18, 2019 (United States)",6.6,91000.0,Joachim Rønning,Linda Woolverton,Angelina Jolie,United States,185000000.0,491730089.0,Walt Disney Pictures,119.0
The Secret Life of Pets 2,PG,Animation,2019,"June 7, 2019 (United States)",6.5,55000.0,Chris Renaud,Brian Lynch,Patton Oswalt,United States,80000000.0,430051293.0,Universal Pictures,86.0
The Curse of la Llorona,R,Horror,2019,"April 19, 2019 (United States)",5.3,43000.0,Michael Chaves,Mikki Daughtry,Linda Cardellini,United States,9000000.0,123133739.0,New Line Cinema,93.0
Captive State,PG-13,Action,2019,"March 15, 2019 (United States)",6.0,51000.0,Rupert Wyatt,Erica Beeney,John Goodman,United States,25000000.0,8808611.0,Participant,109.0
Scary Stories to Tell in the Dark,PG-13,Adventure,2019,"August 9, 2019 (United States)",6.2,66000.0,André Øvredal,Dan Hageman,Zoe Margaret Colletti,United States,25000000.0,104545505.0,CBS Films,108.0
The Intruder,PG-13,Thriller,2019,"May 3, 2019 (United States)",5.6,15000.0,Deon Taylor,David Loughery,Michael Ealy,United States,8000000.0,36599361.0,Screen Gems,102.0
The Angry Birds Movie 2,PG,Animation,2019,"August 14, 2019 (United States)",6.4,24000.0,Thurop Van Orman,Peter Ackerman,Jason Sudeikis,Finland,65000000.0,147792047.0,Sony Pictures Animation,97.0
What Men Want,R,Comedy,2019,"February 8, 2019 (United States)",5.3,26000.0,Adam Shankman,Tina Gordon,Taraji P. Henson,United States,20000000.0,72216294.0,BET Films,117.0
Pet Sematary,R,Horror,2019,"April 5, 2019 (United States)",5.7,86000.0,Kevin Kölsch,Stephen King,Jason Clarke,United States,21000000.0,113118226.0,Paramount Pictures,101.0
47 Meters Down: Uncaged,PG-13,Adventure,2019,"August 16, 2019 (United States)",5.0,23000.0,Johannes Roberts,Ernest Riera,Sophie Nélisse,United Kingdom,12000000.0,47582563.0,Entertainment Studios Motion Pictures,90.0
Happy Death Day 2U,PG-13,Comedy,2019,"February 13, 2019 (United States)",6.2,64000.0,Christopher Landon,Christopher Landon,Jessica Rothe,United States,9000000.0,64600152.0,Blumhouse Productions,100.0
Weathering with You,PG-13,Animation,2019,"January 17, 2020 (United States)",7.5,28000.0,Makoto Shinkai,Makoto Shinkai,Kotaro Daigo,Japan,11100000.0,193457467.0,"""Weathering With You"" Film Partners",112.0
The Kid,R,Biography,2019,"March 8, 2019 (United States)",5.9,7400.0,Vincent D'Onofrio,Vincent D'Onofrio,Jake Schur,United States,8000000.0,1561698.0,Mimran Schur Pictures,100.0
The Lego Movie 2: The Second Part,PG,Animation,2019,"February 8, 2019 (United States)",6.6,58000.0,Mike Mitchell,Phil Lord,Chris Pratt,Denmark,99000000.0,192306508.0,Warner Bros.,107.0
Child's Play,R,Drama,2019,"June 21, 2019 (United States)",5.8,47000.0,Lars Klevberg,Tyler Burton Smith,Tim Matheson,Canada,10000000.0,44907074.0,Orion Pictures,90.0
Dumbo,PG,Adventure,2019,"March 29, 2019 (United States)",6.3,69000.0,Tim Burton,Ehren Kruger,Colin Farrell,United States,170000000.0,353284621.0,Walt Disney Pictures,112.0
The Hustle,PG-13,Comedy,2019,"May 10, 2019 (United States)",5.4,51000.0,Chris Addison,Stanley Shapiro,Anne Hathaway,United States,21000000.0,95017038.0,Metro-Goldwyn-Mayer (MGM),93.0
Shaft,R,Action,2019,"June 14, 2019 (United States)",6.4,48000.0,Tim Story,Ernest Tidyman,Samuel L. Jackson,United States,35000000.0,21360215.0,Davis Entertainment,111.0
The Beach Bum,R,Comedy,2019,"March 29, 2019 (United States)",5.5,20000.0,Harmony Korine,Harmony Korine,Matthew McConaughey,Switzerland,5000000.0,4554416.0,Iconoclast,95.0
The Kitchen,R,Action,2019,"August 9, 2019 (United States)",5.5,18000.0,Andrea Berloff,Andrea Berloff,Melissa McCarthy,United States,38000000.0,15980032.0,BRON Studios,102.0
Stuber,R,Action,2019,"July 12, 2019 (United States)",6.2,43000.0,Michael Dowse,Tripper Clancy,Dave Bautista,United States,16000000.0,32390945.0,GoldDay,93.0
The Art of Racing in the Rain,PG,Comedy,2019,"August 9, 2019 (United States)",7.6,27000.0,Simon Curtis,Mark Bomback,Kevin Costner,United States,18000000.0,33766787.0,Fox 2000 Pictures,109.0
Blinded by the Light,PG-13,Comedy,2019,"August 16, 2019 (United States)",6.9,22000.0,Gurinder Chadha,Sarfraz Manzoor,Billy Barratt,United Kingdom,15000000.0,18096691.0,New Line Cinema,118.0
"Where'd You Go, Bernadette",PG-13,Comedy,2019,"August 16, 2019 (United States)",6.5,19000.0,Richard Linklater,Richard Linklater,Cate Blanchett,United States,20000000.0,11025353.0,Annapurna Pictures,109.0
Ip Man 4: The Finale,Not Rated,Action,2019,"December 20, 2019 (China)",7.0,27000.0,Wilson Yip,Edmond Wong,Donnie Yen,Hong Kong,52000000.0,176345966.0,Golden Harvest Company,107.0
Abominable,PG,Animation,2019,"September 27, 2019 (United States)",7.0,32000.0,Jill Culton,Jill Culton,Chloe Bennet,United States,75000000.0,180314199.0,DreamWorks Animation,97.0
Isn't It Romantic,PG-13,Comedy,2019,"February 13, 2019 (United States)",5.9,65000.0,Todd Strauss-Schulson,Erin Cardillo,Rebel Wilson,United States,31000000.0,48791187.0,BRON Studios,89.0
A Dog's Journey,PG,Adventure,2019,"May 17, 2019 (United States)",7.5,21000.0,Gail Mancuso,W. Bruce Cameron,Josh Gad,China,16000000.0,75741734.0,Dreamworks Pictures,109.0
Don't Let Go,R,Drama,2019,"August 30, 2019 (United States)",6.4,8000.0,Jacob Estes,Jacob Estes,David Oyelowo,United States,5000000.0,5288011.0,Blumhouse Productions,103.0
UglyDolls,PG,Animation,2019,"May 3, 2019 (United States)",5.0,6100.0,Kelly Asbury,Alison Peck,Kelly Clarkson,China,45000000.0,32450241.0,STX Entertainment,87.0
Tolkien,PG-13,Biography,2019,"May 10, 2019 (United States)",6.8,36000.0,Dome Karukoski,David Gleeson,Nicholas Hoult,United States,20000000.0,9090040.0,Fox Searchlight Pictures,112.0
Miss Bala,PG-13,Action,2019,"February 1, 2019 (United States)",5.8,9900.0,Catherine Hardwicke,Gareth Dunnet-Alcocer,Gina Rodriguez,Mexico,15000000.0,15383580.0,Canana Films,104.0
A Dog's Way Home,PG,Adventure,2019,"January 11, 2019 (United States)",6.7,16000.0,Charles Martin Smith,W. Bruce Cameron,Ashley Judd,China,18000000.0,80708134.0,Bona Film Group,96.0
Wonder Park,PG,Animation,2019,"March 15, 2019 (United States)",5.9,11000.0,Dylan Brown,Josh Appelbaum,Sofia Mali,Spain,90000000.0,119559110.0,Paramount Animation,85.0
The Fanatic,R,Crime,2019,"August 30, 2019 (Mexico)",4.1,7900.0,Fred Durst,Fred Durst,John Travolta,United States,18000000.0,,Daniel Grodnik Productions,88.0
Triple Threat,R,Action,2019,"March 29, 2019 (China)",5.6,10000.0,Jesse V. Johnson,Joey O'Bryan,Tony Jaa,Thailand,10000000.0,345900.0,Aurora Alliance Films,96.0
The Wandering Earth,TV-MA,Action,2019,"February 5, 2019 (China)",6.0,28000.0,Frant Gwo,Gong Geer,Jing Wu,China,48000000.0,699992512.0,Beijing Dengfeng International Culture Communications Company,125.0
The Kid Who Would Be King,PG,Action,2019,"January 25, 2019 (United States)",6.0,15000.0,Joe Cornish,Joe Cornish,Louis Ashbourne Serkis,United Kingdom,59000000.0,32140970.0,Big Talk Productions,120.0
Sunrise in Heaven,Not Rated,Drama,2019,"April 9, 2019 (United States)",6.0,871.0,Waymon Boone,Dan Benamor,Caylee Cowan,United States,1100000.0,,Nasser Group,85.0
Missing Link,PG,Animation,2019,"April 12, 2019 (United States)",6.7,23000.0,Chris Butler,Chris Butler,Hugh Jackman,Canada,100000000.0,26565710.0,Annapurna Pictures,93.0
Breakthrough,PG,Biography,2019,"April 17, 2019 (United States)",6.3,8800.0,Roxann Dawson,Joyce Smith,Marcel Ruiz,United States,14000000.0,50444358.0,Fox 2000 Pictures,116.0
Poms,PG-13,Comedy,2019,"May 10, 2019 (United States)",6.0,4700.0,Zara Hayes,Zara Hayes,Diane Keaton,United Kingdom,10000000.0,16418218.0,Entertainment One,90.0
Little,PG-13,Comedy,2019,"April 12, 2019 (United States)",5.5,12000.0,Tina Gordon,Tracy Oliver,Regina Hall,United States,20000000.0,49000667.0,Universal Pictures,109.0
The Prodigy,R,Fantasy,2019,"February 8, 2019 (United States)",5.9,24000.0,Nicholas McCarthy,Jeff Buhler,Taylor Schilling,United States,6000000.0,21150265.0,Orion Pictures,92.0
Overcomer,PG,Drama,2019,"August 23, 2019 (United States)",6.6,4100.0,Alex Kendrick,Alex Kendrick,Alex Kendrick,United States,5000000.0,38026103.0,Affirm Films,119.0
A Madea Family Funeral,PG-13,Comedy,2019,"March 1, 2019 (United States)",4.5,4000.0,Tyler Perry,Tyler Perry,Tyler Perry,United States,20000000.0,74747725.0,The Tyler Perry Company,109.0
The Sun Is also a Star,PG-13,Drama,2019,"May 17, 2019 (United States)",5.9,6600.0,Ry Russo-Young,Tracy Oliver,Yara Shahidi,United States,9000000.0,6750029.0,Alloy Entertainment,100.0
K-12,Not Rated,Fantasy,2019,"September 5, 2019 (United States)",6.5,2500.0,Melanie Martinez,Melanie Martinez,Melanie Martinez,United States,5000000.0,359377.0,Atlantic Records,96.0
Unplanned,R,Biography,2019,"March 29, 2019 (United States)",5.8,13000.0,Chuck Konzelman,Abby Johnson,Ashley Bratcher,United States,6000000.0,21354152.0,Unplanned Movie,109.0
Mine 9,Not Rated,Drama,2019,"May 19, 2020 (Poland)",6.4,4400.0,Eddie Mensore,Eddie Mensore,Terry Serpico,United States,350000.0,226421.0,Emphatic Films,83.0
Clinton Road,,Horror,2019,"June 14, 2019 (United States)",5.9,1900.0,Richard Grieco,Noel Ashman,Ace Young,,2500000.0,50400.0,Growing Tree Productions,77.0
High on the Hog,R,Action,2019,"April 16, 2019 (United States)",3.5,195.0,Tony Wash,Andy Golub,Sid Haig,United States,1200000.0,45696.0,Hicktown Entertainment,85.0
Tenet,PG-13,Action,2020,"September 3, 2020 (United States)",7.4,387000.0,Christopher Nolan,Christopher Nolan,John David Washington,United States,205000000.0,363656624.0,Warner Bros.,150.0
Birds of Prey,R,Action,2020,"February 7, 2020 (United States)",6.1,190000.0,Cathy Yan,Christina Hodson,Margot Robbie,United States,84500000.0,201858461.0,Clubhouse Pictures (II),109.0
The Invisible Man,R,Drama,2020,"February 28, 2020 (United States)",7.1,186000.0,Leigh Whannell,Leigh Whannell,Elisabeth Moss,Canada,7000000.0,143151000.0,Universal Pictures,124.0
Bad Boys for Life,R,Action,2020,"January 17, 2020 (United States)",6.6,140000.0,Adil El Arbi,Peter Craig,Will Smith,United States,90000000.0,426505244.0,Columbia Pictures,124.0
Sonic the Hedgehog,PG,Action,2020,"February 14, 2020 (United States)",6.5,102000.0,Jeff Fowler,Pat Casey,Ben Schwartz,United States,85000000.0,319715683.0,Paramount Pictures,99.0
Dolittle,PG,Adventure,2020,"January 17, 2020 (United States)",5.6,53000.0,Stephen Gaghan,Stephen Gaghan,Robert Downey Jr.,United States,175000000.0,245487753.0,Universal Pictures,101.0
The Call of the Wild,PG,Adventure,2020,"February 21, 2020 (United States)",6.8,42000.0,Chris Sanders,Michael Green,Harrison Ford,Canada,135000000.0,111105497.0,20th Century Studios,100.0
The Eight Hundred,Not Rated,Action,2020,"August 28, 2020 (United States)",6.8,3700.0,Hu Guan,Hu Guan,Zhi-zhong Huang,China,80000000.0,461421559.0,Beijing Diqi Yinxiang Entertainment,149.0
Star Trek First Frontier,,Sci-Fi,2020,"September 8, 2020 (United States)",5.7,165.0,Kenneth Smith,Keith Brooks,Robert Pralgo,United States,370000.0,,An Impulsive Production,85.0
Black Wall Street Burning,R,Drama,2020,"February 7, 2020 (United States)",6.6,35.0,Marcus Brown,Dekoven Riggins,Dan Belcher,United States,5000.0,,Notis Studio,78.0
Love by Drowning,R,Drama,2020,"November 6, 2020 (United States)",,,Justin Kreinbrink,C.E. Poverman,Nicky Whelan,United States,1000000.0,,Dow Jazz Films,121.0
The Robinsons,,Action,2020,"November 10, 2020 (United States)",,,Directors,Aleks Alifirenko Jr.,Billy Hartmann,United States,10000.0,,,90.0
More to Life,,Drama,2020,"October 23, 2020 (United States)",3.1,18.0,Joseph Ebanks,Joseph Ebanks,Shannon Bond,United States,7000.0,,,90.0
Saving Mbango,,Drama,2020,"April 27, 2020 (Cameroon)",5.7,29.0,Nkanya Nkwai,Lynno Lovert,Onyama Laura,United States,58750.0,,Embi Productions,
It's Just Us,,Drama,2020,"October 1, 2020 (United States)",,,James Randall,James Randall,Christina Roz,United States,15000.0,,,120.0